center_Hz,band_Hz_from,band_Hz_to,rel_dB,A_weight_dB,rel_dB_A
25.0,22.3,28.1,-33.80,-44.82,-78.62
31.5,28.1,35.4,-28.27,-39.53,-67.80
40.0,35.6,44.9,-20.07,-34.54,-54.61
50.0,44.5,56.1,-22.05,-30.27,-52.33
63.0,56.1,70.7,-25.17,-26.22,-51.39
80.0,71.3,89.8,-22.33,-22.40,-44.73
100.0,89.1,112.2,-16.61,-19.14,-35.75
125.0,111.4,140.3,-12.64,-16.19,-28.83
160.0,142.5,179.6,-11.60,-13.24,-24.85
200.0,178.2,224.5,-18.81,-10.85,-29.66
250.0,222.7,280.6,-8.48,-8.67,-17.15
315.0,280.6,353.6,-16.70,-6.64,-23.34
400.0,356.4,449.0,-21.76,-4.77,-26.54
500.0,445.4,561.2,-20.13,-3.25,-23.38
630.0,561.3,707.2,-18.78,-1.91,-20.69
800.0,712.7,898.0,-17.50,-0.79,-18.29
1000.0,890.9,1122.5,-16.49,0.00,-16.49
1250.0,1113.6,1403.1,-13.83,0.58,-13.25
1600.0,1425.4,1795.9,-15.16,0.99,-14.17
2000.0,1781.8,2244.9,-17.60,1.20,-16.40
2500.0,2227.2,2806.2,-11.38,1.27,-10.11
3150.0,2806.3,3535.8,-13.44,1.20,-12.24
4000.0,3563.6,4489.8,-11.69,0.96,-10.73
5000.0,4454.5,5612.3,-12.22,0.55,-11.67
6300.0,5612.7,7071.5,-5.66,-0.12,-5.78
8000.0,7127.2,8979.7,-13.62,-1.15,-14.76
10000.0,8909.0,11224.6,-9.28,-2.49,-11.77
12500.0,11136.2,14030.8,0.00,-4.25,-4.25
16000.0,14254.4,17959.4,-13.71,-6.71,-20.41
